month,group,symptom,prevalence
1,nausea_vomiting,nausea_vomiting,7780
1,nausea_vomiting,fatigue,4020
1,nausea_vomiting,headaches,1900
1,nausea_vomiting,sleep_problems,680
1,nausea_vomiting,depression,720
1,nausea,nausea,21480
1,nausea,fatigue,11470
1,nausea,headaches,5180
1,nausea,sleep_problems,1420
1,nausea,depression,1850
1,no_nausea_vomiting,no_nausea_vomiting,95030
1,no_nausea_vomiting,fatigue,19880
1,no_nausea_vomiting,headaches,20240
1,no_nausea_vomiting,sleep_problems,2060
1,no_nausea_vomiting,depression,5920
1,hospitalization,hospitalization,20
1,hospitalization,fatigue,<10
1,hospitalization,headaches,<10
1,hospitalization,sleep_problems,<10
1,hospitalization,depression,<10
2,nausea_vomiting,nausea_vomiting,25220
2,nausea_vomiting,fatigue,16320
2,nausea_vomiting,headaches,6460
2,nausea_vomiting,sleep_problems,2330
2,nausea_vomiting,depression,2100
2,nausea,nausea,55850
2,nausea,fatigue,37990
2,nausea,headaches,13700
2,nausea,sleep_problems,4630
2,nausea,depression,4350
2,no_nausea_vomiting,no_nausea_vomiting,77590
2,no_nausea_vomiting,fatigue,39430
2,no_nausea_vomiting,headaches,15680
2,no_nausea_vomiting,sleep_problems,4100
2,no_nausea_vomiting,depression,4540
2,hospitalization,hospitalization,420
2,hospitalization,fatigue,170
2,hospitalization,headaches,90
2,hospitalization,sleep_problems,50
2,hospitalization,depression,50
3,nausea_vomiting,nausea_vomiting,27300
3,nausea_vomiting,fatigue,17580
3,nausea_vomiting,headaches,6930
3,nausea_vomiting,sleep_problems,3410
3,nausea_vomiting,depression,2230
3,nausea,nausea,51060
3,nausea,fatigue,34890
3,nausea,headaches,12710
3,nausea,sleep_problems,6020
3,nausea,depression,4040
3,no_nausea_vomiting,no_nausea_vomiting,75510
3,no_nausea_vomiting,fatigue,36770
3,no_nausea_vomiting,headaches,15210
3,no_nausea_vomiting,sleep_problems,5360
3,no_nausea_vomiting,depression,4410
3,hospitalization,hospitalization,580
3,hospitalization,fatigue,230
3,hospitalization,headaches,90
3,hospitalization,sleep_problems,80
3,hospitalization,depression,60
4,nausea_vomiting,nausea_vomiting,9250
4,nausea_vomiting,fatigue,4390
4,nausea_vomiting,headaches,1380
4,nausea_vomiting,sleep_problems,920
4,nausea_vomiting,depression,830
4,nausea,nausea,26720
4,nausea,fatigue,13390
4,nausea,headaches,3830
4,nausea,sleep_problems,3840
4,nausea,depression,790
4,no_nausea_vomiting,no_nausea_vomiting,93560
4,no_nausea_vomiting,fatigue,23940
4,no_nausea_vomiting,headaches,7590
4,no_nausea_vomiting,sleep_problems,8920
4,no_nausea_vomiting,depression,1260
4,hospitalization,hospitalization,300
4,hospitalization,fatigue,80
4,hospitalization,headaches,40
4,hospitalization,sleep_problems,60
4,hospitalization,depression,30
5,nausea_vomiting,nausea_vomiting,5300
5,nausea_vomiting,fatigue,1920
5,nausea_vomiting,headaches,890
5,nausea_vomiting,sleep_problems,N/A
5,nausea_vomiting,depression,470
5,nausea,nausea,12070
5,nausea,fatigue,4630
5,nausea,headaches,1990
5,nausea,sleep_problems,N/A
5,nausea,depression,450
5,no_nausea_vomiting,no_nausea_vomiting,97510
5,no_nausea_vomiting,fatigue,15790
5,no_nausea_vomiting,headaches,8420
5,no_nausea_vomiting,sleep_problems,N/A
5,no_nausea_vomiting,depression,1410
5,hospitalization,hospitalization,90
5,hospitalization,fatigue,20
5,hospitalization,headaches,20
5,hospitalization,sleep_problems,N/A
5,hospitalization,depression,<10
6,nausea_vomiting,nausea_vomiting,2700
6,nausea_vomiting,fatigue,850
6,nausea_vomiting,headaches,470
6,nausea_vomiting,sleep_problems,N/A
6,nausea_vomiting,depression,140
6,nausea,nausea,6510
6,nausea,fatigue,2180
6,nausea,headaches,1120
6,nausea,sleep_problems,N/A
6,nausea,depression,310
6,no_nausea_vomiting,no_nausea_vomiting,100110
6,no_nausea_vomiting,fatigue,13900
6,no_nausea_vomiting,headaches,8270
6,no_nausea_vomiting,sleep_problems,N/A
6,no_nausea_vomiting,depression,1740
6,hospitalization,hospitalization,50
6,hospitalization,fatigue,20
6,hospitalization,headaches,<10
6,hospitalization,sleep_problems,N/A
6,hospitalization,depression,<10
7,nausea_vomiting,nausea_vomiting,1840
7,nausea_vomiting,fatigue,680
7,nausea_vomiting,headaches,340
7,nausea_vomiting,sleep_problems,N/A
7,nausea_vomiting,depression,120
7,nausea,nausea,6120
7,nausea,fatigue,2320
7,nausea,headaches,1220
7,nausea,sleep_problems,N/A
7,nausea,depression,340
7,no_nausea_vomiting,no_nausea_vomiting,100970
7,no_nausea_vomiting,fatigue,16790
7,no_nausea_vomiting,headaches,8910
7,no_nausea_vomiting,sleep_problems,N/A
7,no_nausea_vomiting,depression,2170
7,hospitalization,hospitalization,50
7,hospitalization,fatigue,20
7,hospitalization,headaches,<10
7,hospitalization,sleep_problems,N/A
7,hospitalization,depression,<10
8,nausea_vomiting,nausea_vomiting,1440
8,nausea_vomiting,fatigue,540
8,nausea_vomiting,headaches,250
8,nausea_vomiting,sleep_problems,N/A
8,nausea_vomiting,depression,80
8,nausea,nausea,5610
8,nausea,fatigue,2260
8,nausea,headaches,1030
8,nausea,sleep_problems,N/A
8,nausea,depression,280
8,no_nausea_vomiting,no_nausea_vomiting,101370
8,no_nausea_vomiting,fatigue,15960
8,no_nausea_vomiting,headaches,6560
8,no_nausea_vomiting,sleep_problems,N/A
8,no_nausea_vomiting,depression,1660
8,hospitalization,hospitalization,30
8,hospitalization,fatigue,<10
8,hospitalization,headaches,<10
8,hospitalization,sleep_problems,N/A
8,hospitalization,depression,<10
